set,and precision, and recall, or precision, or recall, not precision, not recall, accuracy
Run1,0.875,0.875,0.833333333333,0.769230769231,0.894736842105,0.944444444444,0.872340425532
Run2,0.9375,0.681818181818,0.416666666667,0.833333333333,1.0,1.0,0.829787234043
Run3,1.0,1.0,0.923076923077,1.0,1.0,0.947368421053,0.978723404255
Run4,1.0,0.888888888889,0.818181818182,0.818181818182,0.9,1.0,0.914893617021
Run5,1.0,0.8,0.583333333333,0.875,0.941176470588,0.941176470588,0.866666666667
Run6,0.875,0.933333333333,0.916666666667,0.846153846154,1.0,1.0,0.9375
Run7,0.9375,1.0,1.0,0.916666666667,1.0,1.0,0.978260869565
Run8,0.9375,0.789473684211,0.666666666667,0.888888888889,1.0,1.0,0.893617021277
Run9,0.8125,0.866666666667,0.833333333333,0.769230769231,1.0,1.0,0.893617021277
Run10,1.0,0.695652173913,0.416666666667,1.0,1.0,1.0,0.847826086957
Run11,0.6875,0.916666666667,0.916666666667,0.6875,1.0,1.0,0.875
Run12,1.0,0.888888888889,0.769230769231,0.909090909091,0.947368421053,0.947368421053,0.916666666667
Run13,0.9375,0.789473684211,0.666666666667,0.8,0.933333333333,1.0,0.860465116279
Run14,0.9375,0.833333333333,0.75,0.9,1.0,1.0,0.914893617021
Run15,0.9375,0.9375,0.909090909091,0.833333333333,0.947368421053,1.0,0.934782608696
Run16,0.9375,0.882352941176,0.833333333333,0.714285714286,0.85,1.0,0.875
Run17,0.9375,0.75,0.545454545455,0.857142857143,1.0,1.0,0.872340425532
Run18,0.875,0.777777777778,0.636363636364,0.777777777778,1.0,1.0,0.869565217391
Run19,0.9375,0.882352941176,0.833333333333,0.714285714286,0.85,1.0,0.875
Run20,0.9375,1.0,1.0,0.923076923077,1.0,1.0,0.978723404255
Run21,1.0,0.941176470588,0.916666666667,1.0,1.0,1.0,0.979166666667
Run22,1.0,0.8,0.538461538462,1.0,1.0,0.904761904762,0.875
Run23,0.8125,0.8125,0.75,0.75,1.0,1.0,0.875
Run24,0.9375,0.9375,0.916666666667,0.846153846154,0.947368421053,1.0,0.936170212766
Run25,0.875,0.875,0.833333333333,0.769230769231,0.944444444444,1.0,0.891304347826
