set,and precision, and recall, or precision, or recall, not precision, not recall, accuracy
Run1,1.0,1.0,1.0,1.0,1.0,1.0,1.0
Run2,0.785714285714,0.846153846154,0.6,0.6,1.0,0.5,0.75
Run3,0.916666666667,1.0,1.0,0.875,0.0,0.0,0.9
Run4,1.0,1.0,1.0,1.0,1.0,1.0,1.0
Run5,0.733333333333,1.0,1.0,0.857142857143,1.0,0.4,0.826086956522
Run6,0.866666666667,1.0,1.0,0.777777777778,1.0,1.0,0.92
Run7,0.857142857143,1.0,1.0,0.6,,,0.882352941176
Run8,0.8,0.857142857143,0.666666666667,0.666666666667,1.0,0.5,0.772727272727
Run9,1.0,0.875,0.666666666667,1.0,1.0,1.0,0.909090909091
Run10,0.823529411765,0.933333333333,0.75,0.5,1.0,1.0,0.818181818182
Run11,0.857142857143,1.0,1.0,0.857142857143,1.0,0.875,0.925925925926
Run12,1.0,0.933333333333,0.714285714286,1.0,1.0,0.666666666667,0.913043478261
Run13,0.923076923077,1.0,1.0,0.875,,,0.95
Run14,0.785714285714,0.846153846154,0.5,0.5,1.0,0.5,0.736842105263
Run15,0.933333333333,1.0,1.0,0.875,1.0,1.0,0.95652173913
Run16,0.923076923077,0.923076923077,0.8,0.8,1.0,1.0,0.9
Run17,0.916666666667,1.0,1.0,0.75,,,0.933333333333
Run18,0.933333333333,1.0,1.0,0.75,1.0,1.0,0.95
Run19,1.0,1.0,1.0,1.0,1.0,1.0,1.0
Run20,0.928571428571,1.0,1.0,0.857142857143,,,0.95
Run21,0.857142857143,0.923076923077,0.8,0.8,1.0,0.666666666667,0.857142857143
Run22,0.833333333333,0.909090909091,0.666666666667,0.666666666667,1.0,0.666666666667,0.8
Run23,0.923076923077,1.0,1.0,0.8,,,0.941176470588
Run24,0.8125,1.0,1.0,0.571428571429,,,0.85
Run25,1.0,0.928571428571,0.833333333333,1.0,,,0.947368421053
